Dimension,Code,Title,ParentDimension,ParentCode,ParentTitle
GHO,DEVICES00,Total density per 100 000 population: Hospitals,,,
GHO,DEVICES01,Total density per 100 000 population: Health posts,,,
GHO,DEVICES02,Total density per 100 000 population: Health centres,,,
GHO,DEVICES03,Total density per 100 000 population: District/rural hospitals,,,
GHO,DEVICES04,Total density per 100 000 population: Provincial hospitals,,,
GHO,DEVICES05,Total density per 100 000 population: Specialized hospitals,,,
GHO,HSS_UHCLEGISLATION,Countries that have passed legislation on Universal Health Coverage (UHC),,,
GHO,MDG_0000000010,Median availability of selected generic medicines (%) - Public,,,
GHO,MDG_0000000011,Median consumer price ratio of selected generic medicines - Public,,,
GHO,WHS10_8,Civil registration coverage of cause-of-death (%),,,
GHO,WHS10_9,Ill-defined causes in cause-of-death registration (%),,,
GHO,WHS6_101,Median availability of selected generic medicines (%) - Private,,,
GHO,WHS6_102,Hospital beds (per 10 000 population),,,
GHO,WHS6_116,Median consumer price ratio of selected generic medicines - Private,,,
GHO,WHS6_150,Community health workers density (per 10 000 population),,,
GHO,WHS7_113,General government expenditure on health as a percentage of total government expenditure,,,
GHO,WHS7_120,External resources for health as a percentage of total expenditure on health,,,
GHO,WHS7_143,Total expenditure on health as a percentage of gross domestic product,,,
GHO,WHS7_150,Out-of-pocket expenditure as a percentage of total expenditure on health,,,
GHO,WHS9_91,Civil registration coverage of births (%),,,
